scan_point_id,model,requested_source_time_gyr,source_run_dir,status,selected_snapshot_idx,selected_source_time_gyr,direct_output_dir,direct_mass_chi2,direct_mass_ratio,direct_ratio_pull,direct_inner_pull,direct_outer_pull,direct_t_evo_phys_gyr,direct_vmax_kms,direct_max_cooling_code,direct_steps
M1_eta0p1_sigma0p1_vstar100,M1_dark_photon_massive,0.0,D:\graverthermal-sidm\data\P6_final_n192_early\runs\M1_eta0p1_sigma0p1_vstar100\M1_eta0p1_sigma0p1_vstar100,complete,0,0.0,D:\graverthermal-sidm\data\P6_final_direct_time_n192_initial\M1_eta0p1_sigma0p1_vstar100\t0_n192,0.01771670599385588,0.36708047870635074,0.1317643783715552,0.10997924109365392,-0.07497514603066688,0.0,5.3657807860517295,0.0,0
M1_eta0p1_sigma0p1_vstar100,M1_dark_photon_massive,0.01,D:\graverthermal-sidm\data\P6_final_n192_early\runs\M1_eta0p1_sigma0p1_vstar100\M1_eta0p1_sigma0p1_vstar100,complete,1,0.0100006176241634,D:\graverthermal-sidm\data\P6_final_direct_time_n192_initial\M1_eta0p1_sigma0p1_vstar100\t0p01_n192,0.018227233110950605,0.367122048881421,0.13365393178384075,0.11169141696694229,-0.07584365818489534,0.00010981354561058423,5.365964704271667,0.0,475
M1_eta0p1_sigma0p1_vstar100,M1_dark_photon_massive,0.02,D:\graverthermal-sidm\data\P6_final_n192_early\runs\M1_eta0p1_sigma0p1_vstar100\M1_eta0p1_sigma0p1_vstar100,complete,2,0.0200050463376075,D:\graverthermal-sidm\data\P6_final_direct_time_n192_initial\M1_eta0p1_sigma0p1_vstar100\t0p02_n192,0.01874463725786512,0.36716357759266605,0.1355416004767962,0.11343125659438305,-0.07666803300779504,0.00021967028514666284,5.366152414802171,0.0,949
M1_eta0p1_sigma0p1_vstar100,M1_dark_photon_massive,0.03,D:\graverthermal-sidm\data\P6_final_n192_early\runs\M1_eta0p1_sigma0p1_vstar100\M1_eta0p1_sigma0p1_vstar100,complete,3,0.0300022063030565,D:\graverthermal-sidm\data\P6_final_direct_time_n192_initial\M1_eta0p1_sigma0p1_vstar100\t0p03_n192,0.019270056834285967,0.3672051514411119,0.1374313208606976,0.11519106078406219,-0.07746661442020335,0.0003294484027088289,5.366342817215181,0.0,1423
M1_eta0p1_sigma0p1_vstar100,M1_dark_photon_massive,0.04,D:\graverthermal-sidm\data\P6_final_n192_early\runs\M1_eta0p1_sigma0p1_vstar100\M1_eta0p1_sigma0p1_vstar100,complete,4,0.0400089083705483,D:\graverthermal-sidm\data\P6_final_direct_time_n192_initial\M1_eta0p1_sigma0p1_vstar100\t0p04_n192,0.019802403476329535,0.36724668165792396,0.13931905798851943,0.11696012981672262,-0.07824788501668865,0.0004393324134649825,5.366534592073345,0.0,1896
M1_eta0p1_sigma0p1_vstar100,M1_dark_photon_massive,0.05,D:\graverthermal-sidm\data\P6_final_n192_early\runs\M1_eta0p1_sigma0p1_vstar100\M1_eta0p1_sigma0p1_vstar100,complete,5,0.0500025587007344,D:\graverthermal-sidm\data\P6_final_direct_time_n192_initial\M1_eta0p1_sigma0p1_vstar100\t0p05_n192,0.02034281888892347,0.3672882549392044,0.14120875259217672,0.11874024037691111,-0.07901629075169778,0.0005490741515388441,5.366727890251317,0.0,2369
M1_eta0p1_sigma0p1_vstar100,M1_dark_photon_massive,0.1,D:\graverthermal-sidm\data\P6_final_n192_early\runs\M1_eta0p1_sigma0p1_vstar100\M1_eta0p1_sigma0p1_vstar100,complete,10,0.1000032970348522,D:\graverthermal-sidm\data\P6_final_direct_time_n192_initial\M1_eta0p1_sigma0p1_vstar100\t0p1_n192,0.02315434042846642,0.36749583776612677,0.15064433563410162,0.12771240734334735,-0.08272775494979503,0.0010981538493926206,5.367705971313985,0.0,4724
M1_eta0p1_sigma0p1_vstar20,M1_dark_photon_massive,0.0,D:\graverthermal-sidm\data\P6_final_n192_early\runs\M1_eta0p1_sigma0p1_vstar20\M1_eta0p1_sigma0p1_vstar20,complete,0,0.0,D:\graverthermal-sidm\data\P6_final_direct_time_n192_initial\M1_eta0p1_sigma0p1_vstar20\t0_n192,0.01771670599385588,0.36708047870635074,0.1317643783715552,0.10997924109365392,-0.07497514603066688,0.0,5.3657807860517295,3.7029767699061973e-31,0
M1_eta0p1_sigma0p1_vstar20,M1_dark_photon_massive,0.01,D:\graverthermal-sidm\data\P6_final_n192_early\runs\M1_eta0p1_sigma0p1_vstar20\M1_eta0p1_sigma0p1_vstar20,complete,1,0.0100014834410258,D:\graverthermal-sidm\data\P6_final_direct_time_n192_initial\M1_eta0p1_sigma0p1_vstar20\t0p01_n192,0.018026331157794222,0.36710575856222777,0.13291346272960178,0.11079595939115998,-0.07583262187466981,0.00010982332866191246,5.365862583730349,3.7048513936209236e-31,475
M1_eta0p1_sigma0p1_vstar20,M1_dark_photon_massive,0.02,D:\graverthermal-sidm\data\P6_final_n192_early\runs\M1_eta0p1_sigma0p1_vstar20\M1_eta0p1_sigma0p1_vstar20,complete,2,0.0200037757912596,D:\graverthermal-sidm\data\P6_final_direct_time_n192_initial\M1_eta0p1_sigma0p1_vstar20\t0p02_n192,0.01833887657377397,0.3671310543264699,0.13406327019515407,0.1116527843310919,-0.0766324495555809,0.00021965738751936103,5.365949692672444,3.7067794976758035e-31,950
M1_eta0p1_sigma0p1_vstar20,M1_dark_photon_massive,0.03,D:\graverthermal-sidm\data\P6_final_n192_early\runs\M1_eta0p1_sigma0p1_vstar20\M1_eta0p1_sigma0p1_vstar20,complete,3,0.0300091660150855,D:\graverthermal-sidm\data\P6_final_direct_time_n192_initial\M1_eta0p1_sigma0p1_vstar20\t0p03_n192,0.01865362974030815,0.3671563125807552,0.13521137266266714,0.11253482263006957,-0.07739214065993348,0.0003295270905514769,5.366040203896131,3.708740029657594e-31,1424
M1_eta0p1_sigma0p1_vstar20,M1_dark_photon_massive,0.04,D:\graverthermal-sidm\data\P6_final_n192_early\runs\M1_eta0p1_sigma0p1_vstar20\M1_eta0p1_sigma0p1_vstar20,complete,4,0.0400117160870562,D:\graverthermal-sidm\data\P6_final_direct_time_n192_initial\M1_eta0p1_sigma0p1_vstar20\t0p04_n192,0.018971230415387286,0.3671815864150067,0.1363601833104623,0.11343593421126051,-0.07812502316803409,0.00043936710570261097,5.366133253887049,3.7107267402833437e-31,1898
M1_eta0p1_sigma0p1_vstar20,M1_dark_photon_massive,0.05,D:\graverthermal-sidm\data\P6_final_n192_early\runs\M1_eta0p1_sigma0p1_vstar20\M1_eta0p1_sigma0p1_vstar20,complete,5,0.0500064419602275,D:\graverthermal-sidm\data\P6_final_direct_time_n192_initial\M1_eta0p1_sigma0p1_vstar20\t0p05_n192,0.01929099535125833,0.3672068222936285,0.13750726870236224,0.11434943283055743,-0.07883655600410361,0.0005491226074099762,5.366228016013892,3.71272922993896e-31,2371
M1_eta0p1_sigma0p1_vstar20,M1_dark_photon_massive,0.1,D:\graverthermal-sidm\data\P6_final_n192_early\runs\M1_eta0p1_sigma0p1_vstar20\M1_eta0p1_sigma0p1_vstar20,complete,10,0.1000252769712107,D:\graverthermal-sidm\data\P6_final_direct_time_n192_initial\M1_eta0p1_sigma0p1_vstar20\t0p1_n192,0.02093158261920808,0.36733317180703495,0.1432504284026556,0.11906793230403924,-0.08218521835493783,0.0010984153690887712,5.366722191054329,3.722957755168806e-31,4735
M1_eta0p1_sigma0p1_vstar500,M1_dark_photon_massive,0.0,D:\graverthermal-sidm\data\P6_final_n192_early\runs\M1_eta0p1_sigma0p1_vstar500\M1_eta0p1_sigma0p1_vstar500,complete,0,0.0,D:\graverthermal-sidm\data\P6_final_direct_time_n192_initial\M1_eta0p1_sigma0p1_vstar500\t0_n192,0.01771670599385588,0.36708047870635074,0.1317643783715552,0.10997924109365392,-0.07497514603066688,0.0,5.3657807860517295,0.0,0
M1_eta0p1_sigma0p1_vstar500,M1_dark_photon_massive,0.01,D:\graverthermal-sidm\data\P6_final_n192_early\runs\M1_eta0p1_sigma0p1_vstar500\M1_eta0p1_sigma0p1_vstar500,complete,1,0.0100096908978869,D:\graverthermal-sidm\data\P6_final_direct_time_n192_initial\M1_eta0p1_sigma0p1_vstar500\t0p01_n192,0.0190259629772212,0.3671857544806575,0.13654964084004362,0.11484769117456052,-0.07639352596322528,0.00010991286039326183,5.366324880943085,0.0,475
M1_eta0p1_sigma0p1_vstar500,M1_dark_photon_massive,0.02,D:\graverthermal-sidm\data\P6_final_n192_early\runs\M1_eta0p1_sigma0p1_vstar500\M1_eta0p1_sigma0p1_vstar500,complete,2,0.0200003910016614,D:\graverthermal-sidm\data\P6_final_direct_time_n192_initial\M1_eta0p1_sigma0p1_vstar500\t0p02_n192,0.02038193354764649,0.3672906715981109,0.1413186007242899,0.11971151475606963,-0.07778873171902094,0.00021961797619411653,5.366869296173179,0.0,947
M1_eta0p1_sigma0p1_vstar500,M1_dark_photon_massive,0.03,D:\graverthermal-sidm\data\P6_final_n192_early\runs\M1_eta0p1_sigma0p1_vstar500\M1_eta0p1_sigma0p1_vstar500,complete,3,0.0300034407626022,D:\graverthermal-sidm\data\P6_final_direct_time_n192_initial\M1_eta0p1_sigma0p1_vstar500\t0p03_n192,0.02179303786187118,0.3673958790663013,0.14610075836930678,0.12459397457709115,-0.07917941248174518,0.00032945941168438124,5.367416561185348,0.0,1419
M1_eta0p1_sigma0p1_vstar500,M1_dark_photon_massive,0.04,D:\graverthermal-sidm\data\P6_final_n192_early\runs\M1_eta0p1_sigma0p1_vstar500\M1_eta0p1_sigma0p1_vstar500,complete,4,0.0400005590089803,D:\graverthermal-sidm\data\P6_final_direct_time_n192_initial\M1_eta0p1_sigma0p1_vstar500\t0p04_n192,0.023253053056985218,0.3675009065660838,0.15087473563214898,0.12946983597712547,-0.08056435085719642,0.00043923638366228073,5.367963905024305,0.0,1889
M1_eta0p1_sigma0p1_vstar500,M1_dark_photon_massive,0.05,D:\graverthermal-sidm\data\P6_final_n192_early\runs\M1_eta0p1_sigma0p1_vstar500\M1_eta0p1_sigma0p1_vstar500,complete,5,0.0500043104716014,D:\graverthermal-sidm\data\P6_final_direct_time_n192_initial\M1_eta0p1_sigma0p1_vstar500\t0p05_n192,0.02476385828700118,0.36760590247855374,0.15564727710805487,0.1343441542357572,-0.08194819405990748,0.000549086833340408,5.368512307470024,0.0,2358
M1_eta0p1_sigma0p1_vstar500,M1_dark_photon_massive,0.1,D:\graverthermal-sidm\data\P6_final_n192_early\runs\M1_eta0p1_sigma0p1_vstar500\M1_eta0p1_sigma0p1_vstar500,complete,10,0.1000370174534358,D:\graverthermal-sidm\data\P6_final_direct_time_n192_initial\M1_eta0p1_sigma0p1_vstar500\t0p1_n192,0.03308988572284727,0.3681311161977331,0.17952062797984358,0.1587246709093285,-0.08886149091463989,0.0010985011124096608,5.371261385218646,0.0,4683
M2_eta0p1_sigma0p1_vstar100,M2_scalar_phi_massive,0.0,D:\graverthermal-sidm\data\P6_final_n192_early\runs\M2_eta0p1_sigma0p1_vstar100\M2_eta0p1_sigma0p1_vstar100,complete,0,0.0,D:\graverthermal-sidm\data\P6_final_direct_time_n192_initial\M2_eta0p1_sigma0p1_vstar100\t0_n192,0.01771670599385588,0.36708047870635074,0.1317643783715552,0.10997924109365392,-0.07497514603066688,0.0,5.3657807860517295,0.0,0
M2_eta0p1_sigma0p1_vstar100,M2_scalar_phi_massive,0.01,D:\graverthermal-sidm\data\P6_final_n192_early\runs\M2_eta0p1_sigma0p1_vstar100\M2_eta0p1_sigma0p1_vstar100,complete,1,0.0100006176241634,D:\graverthermal-sidm\data\P6_final_direct_time_n192_initial\M2_eta0p1_sigma0p1_vstar100\t0p01_n192,0.018227233110950605,0.367122048881421,0.13365393178384075,0.11169141696694229,-0.07584365818489534,0.00010981354561058423,5.365964704271667,0.0,475
M2_eta0p1_sigma0p1_vstar100,M2_scalar_phi_massive,0.02,D:\graverthermal-sidm\data\P6_final_n192_early\runs\M2_eta0p1_sigma0p1_vstar100\M2_eta0p1_sigma0p1_vstar100,complete,2,0.0200050463376075,D:\graverthermal-sidm\data\P6_final_direct_time_n192_initial\M2_eta0p1_sigma0p1_vstar100\t0p02_n192,0.01874463725786512,0.36716357759266605,0.1355416004767962,0.11343125659438305,-0.07666803300779504,0.00021967028514666284,5.366152414802171,0.0,949
M2_eta0p1_sigma0p1_vstar100,M2_scalar_phi_massive,0.03,D:\graverthermal-sidm\data\P6_final_n192_early\runs\M2_eta0p1_sigma0p1_vstar100\M2_eta0p1_sigma0p1_vstar100,complete,3,0.0300022063030565,D:\graverthermal-sidm\data\P6_final_direct_time_n192_initial\M2_eta0p1_sigma0p1_vstar100\t0p03_n192,0.019270056834285967,0.3672051514411119,0.1374313208606976,0.11519106078406219,-0.07746661442020335,0.0003294484027088289,5.366342817215181,0.0,1423
M2_eta0p1_sigma0p1_vstar100,M2_scalar_phi_massive,0.04,D:\graverthermal-sidm\data\P6_final_n192_early\runs\M2_eta0p1_sigma0p1_vstar100\M2_eta0p1_sigma0p1_vstar100,complete,4,0.0400089083705483,D:\graverthermal-sidm\data\P6_final_direct_time_n192_initial\M2_eta0p1_sigma0p1_vstar100\t0p04_n192,0.019802403476329535,0.36724668165792396,0.13931905798851943,0.11696012981672262,-0.07824788501668865,0.0004393324134649825,5.366534592073345,0.0,1896
M2_eta0p1_sigma0p1_vstar100,M2_scalar_phi_massive,0.05,D:\graverthermal-sidm\data\P6_final_n192_early\runs\M2_eta0p1_sigma0p1_vstar100\M2_eta0p1_sigma0p1_vstar100,complete,5,0.0500025587007344,D:\graverthermal-sidm\data\P6_final_direct_time_n192_initial\M2_eta0p1_sigma0p1_vstar100\t0p05_n192,0.02034281888892347,0.3672882549392044,0.14120875259217672,0.11874024037691111,-0.07901629075169778,0.0005490741515388441,5.366727890251317,0.0,2369
M2_eta0p1_sigma0p1_vstar100,M2_scalar_phi_massive,0.1,D:\graverthermal-sidm\data\P6_final_n192_early\runs\M2_eta0p1_sigma0p1_vstar100\M2_eta0p1_sigma0p1_vstar100,complete,10,0.1000032970348522,D:\graverthermal-sidm\data\P6_final_direct_time_n192_initial\M2_eta0p1_sigma0p1_vstar100\t0p1_n192,0.02315434042846642,0.36749583776612677,0.15064433563410162,0.12771240734334735,-0.08272775494979503,0.0010981538493926206,5.367705971313985,0.0,4724
M2_eta0p1_sigma0p1_vstar20,M2_scalar_phi_massive,0.0,D:\graverthermal-sidm\data\P6_final_n192_early\runs\M2_eta0p1_sigma0p1_vstar20\M2_eta0p1_sigma0p1_vstar20,complete,0,0.0,D:\graverthermal-sidm\data\P6_final_direct_time_n192_initial\M2_eta0p1_sigma0p1_vstar20\t0_n192,0.01771670599385588,0.36708047870635074,0.1317643783715552,0.10997924109365392,-0.07497514603066688,0.0,5.3657807860517295,2.8852908999510037e-31,0
M2_eta0p1_sigma0p1_vstar20,M2_scalar_phi_massive,0.01,D:\graverthermal-sidm\data\P6_final_n192_early\runs\M2_eta0p1_sigma0p1_vstar20\M2_eta0p1_sigma0p1_vstar20,complete,1,0.0100014834410258,D:\graverthermal-sidm\data\P6_final_direct_time_n192_initial\M2_eta0p1_sigma0p1_vstar20\t0p01_n192,0.018026331157794222,0.36710575856222777,0.13291346272960178,0.11079595939115998,-0.07583262187466981,0.00010982332866191246,5.365862583730349,2.8866747067862435e-31,475
M2_eta0p1_sigma0p1_vstar20,M2_scalar_phi_massive,0.02,D:\graverthermal-sidm\data\P6_final_n192_early\runs\M2_eta0p1_sigma0p1_vstar20\M2_eta0p1_sigma0p1_vstar20,complete,2,0.0200037757912596,D:\graverthermal-sidm\data\P6_final_direct_time_n192_initial\M2_eta0p1_sigma0p1_vstar20\t0p02_n192,0.01833887657377397,0.3671310543264699,0.13406327019515407,0.1116527843310919,-0.0766324495555809,0.00021965738751936103,5.365949692672444,2.8880976503103943e-31,950
M2_eta0p1_sigma0p1_vstar20,M2_scalar_phi_massive,0.03,D:\graverthermal-sidm\data\P6_final_n192_early\runs\M2_eta0p1_sigma0p1_vstar20\M2_eta0p1_sigma0p1_vstar20,complete,3,0.0300091660150855,D:\graverthermal-sidm\data\P6_final_direct_time_n192_initial\M2_eta0p1_sigma0p1_vstar20\t0p03_n192,0.01865362974030815,0.3671563125807552,0.13521137266266714,0.11253482263006957,-0.07739214065993348,0.0003295270905514769,5.366040203896131,2.8895443048977287e-31,1424
M2_eta0p1_sigma0p1_vstar20,M2_scalar_phi_massive,0.04,D:\graverthermal-sidm\data\P6_final_n192_early\runs\M2_eta0p1_sigma0p1_vstar20\M2_eta0p1_sigma0p1_vstar20,complete,4,0.0400117160870562,D:\graverthermal-sidm\data\P6_final_direct_time_n192_initial\M2_eta0p1_sigma0p1_vstar20\t0p04_n192,0.018971230415387286,0.3671815864150067,0.1363601833104623,0.11343593421126051,-0.07812502316803409,0.00043936710570261097,5.366133253887049,2.8910101259770904e-31,1898
M2_eta0p1_sigma0p1_vstar20,M2_scalar_phi_massive,0.05,D:\graverthermal-sidm\data\P6_final_n192_early\runs\M2_eta0p1_sigma0p1_vstar20\M2_eta0p1_sigma0p1_vstar20,complete,5,0.0500064419602275,D:\graverthermal-sidm\data\P6_final_direct_time_n192_initial\M2_eta0p1_sigma0p1_vstar20\t0p05_n192,0.01929099535125833,0.3672068222936285,0.13750726870236224,0.11434943283055743,-0.07883655600410361,0.0005491226074099762,5.366228016013892,2.8924874799674535e-31,2371
M2_eta0p1_sigma0p1_vstar20,M2_scalar_phi_massive,0.1,D:\graverthermal-sidm\data\P6_final_n192_early\runs\M2_eta0p1_sigma0p1_vstar20\M2_eta0p1_sigma0p1_vstar20,complete,10,0.1000252769712107,D:\graverthermal-sidm\data\P6_final_direct_time_n192_initial\M2_eta0p1_sigma0p1_vstar20\t0p1_n192,0.02093158261920808,0.36733317180703495,0.1432504284026556,0.11906793230403924,-0.08218521835493783,0.0010984153690887712,5.366722191054329,2.900032542134772e-31,4735
M2_eta0p1_sigma0p1_vstar500,M2_scalar_phi_massive,0.0,D:\graverthermal-sidm\data\P6_final_n192_early\runs\M2_eta0p1_sigma0p1_vstar500\M2_eta0p1_sigma0p1_vstar500,complete,0,0.0,D:\graverthermal-sidm\data\P6_final_direct_time_n192_initial\M2_eta0p1_sigma0p1_vstar500\t0_n192,0.01771670599385588,0.36708047870635074,0.1317643783715552,0.10997924109365392,-0.07497514603066688,0.0,5.3657807860517295,0.0,0
M2_eta0p1_sigma0p1_vstar500,M2_scalar_phi_massive,0.01,D:\graverthermal-sidm\data\P6_final_n192_early\runs\M2_eta0p1_sigma0p1_vstar500\M2_eta0p1_sigma0p1_vstar500,complete,1,0.0100096908978869,D:\graverthermal-sidm\data\P6_final_direct_time_n192_initial\M2_eta0p1_sigma0p1_vstar500\t0p01_n192,0.0190259629772212,0.3671857544806575,0.13654964084004362,0.11484769117456052,-0.07639352596322528,0.00010991286039326183,5.366324880943085,0.0,475
M2_eta0p1_sigma0p1_vstar500,M2_scalar_phi_massive,0.02,D:\graverthermal-sidm\data\P6_final_n192_early\runs\M2_eta0p1_sigma0p1_vstar500\M2_eta0p1_sigma0p1_vstar500,complete,2,0.0200003910016614,D:\graverthermal-sidm\data\P6_final_direct_time_n192_initial\M2_eta0p1_sigma0p1_vstar500\t0p02_n192,0.02038193354764649,0.3672906715981109,0.1413186007242899,0.11971151475606963,-0.07778873171902094,0.00021961797619411653,5.366869296173179,0.0,947
M2_eta0p1_sigma0p1_vstar500,M2_scalar_phi_massive,0.03,D:\graverthermal-sidm\data\P6_final_n192_early\runs\M2_eta0p1_sigma0p1_vstar500\M2_eta0p1_sigma0p1_vstar500,complete,3,0.0300034407626022,D:\graverthermal-sidm\data\P6_final_direct_time_n192_initial\M2_eta0p1_sigma0p1_vstar500\t0p03_n192,0.02179303786187118,0.3673958790663013,0.14610075836930678,0.12459397457709115,-0.07917941248174518,0.00032945941168438124,5.367416561185348,0.0,1419
M2_eta0p1_sigma0p1_vstar500,M2_scalar_phi_massive,0.04,D:\graverthermal-sidm\data\P6_final_n192_early\runs\M2_eta0p1_sigma0p1_vstar500\M2_eta0p1_sigma0p1_vstar500,complete,4,0.0400005590089803,D:\graverthermal-sidm\data\P6_final_direct_time_n192_initial\M2_eta0p1_sigma0p1_vstar500\t0p04_n192,0.023253053056985218,0.3675009065660838,0.15087473563214898,0.12946983597712547,-0.08056435085719642,0.00043923638366228073,5.367963905024305,0.0,1889
M2_eta0p1_sigma0p1_vstar500,M2_scalar_phi_massive,0.05,D:\graverthermal-sidm\data\P6_final_n192_early\runs\M2_eta0p1_sigma0p1_vstar500\M2_eta0p1_sigma0p1_vstar500,complete,5,0.0500043104716014,D:\graverthermal-sidm\data\P6_final_direct_time_n192_initial\M2_eta0p1_sigma0p1_vstar500\t0p05_n192,0.02476385828700118,0.36760590247855374,0.15564727710805487,0.1343441542357572,-0.08194819405990748,0.000549086833340408,5.368512307470024,0.0,2358
M2_eta0p1_sigma0p1_vstar500,M2_scalar_phi_massive,0.1,D:\graverthermal-sidm\data\P6_final_n192_early\runs\M2_eta0p1_sigma0p1_vstar500\M2_eta0p1_sigma0p1_vstar500,complete,10,0.1000370174534358,D:\graverthermal-sidm\data\P6_final_direct_time_n192_initial\M2_eta0p1_sigma0p1_vstar500\t0p1_n192,0.03308988572284727,0.3681311161977331,0.17952062797984358,0.1587246709093285,-0.08886149091463989,0.0010985011124096608,5.371261385218646,0.0,4683
