model,sigma_low_dwarf,sigma_high_cluster,sigma_high_bullet
M1_dark_photon_massive,1.7100568853709434e-09,9.57808165629137e-15,2.77228359088214e-16
M1_dark_photon_massive,3.452324354268456e-09,1.9278622686479826e-14,5.580011869436325e-16
M1_dark_photon_massive,6.9493372348498544e-09,3.880372980987545e-14,1.1231366287870512e-15
M1_dark_photon_massive,1.3987524358155244e-08,7.810357988974961e-14,2.2606329815039776e-15
M1_dark_photon_massive,2.8153884472439672e-08,1.5720574340361538e-13,4.550169005335249e-15
M1_dark_photon_massive,5.665855807512407e-08,3.164214213224162e-13,9.158513631584487e-15
M1_dark_photon_massive,1.1404151711035373e-07,6.368884094434091e-13,1.84341223021755e-14
M1_dark_photon_massive,2.2954134680941663e-07,1.2819196765760261e-12,3.7103931786448196e-14
M1_dark_photon_massive,4.6201746601089244e-07,2.5802291780265086e-12,7.46822512862966e-14
M1_dark_photon_massive,9.299419989739708e-07,5.193447555873064e-12,1.5031934322460807e-13
M1_dark_photon_massive,1.871773652141444e-06,1.230447600714045e-11,3.0256057574985857e-13
M1_dark_photon_massive,3.767478633931529e-06,2.4766269364668793e-11,6.089895021780528e-13
M1_dark_photon_massive,7.583125898204483e-06,4.906834669187479e-11,1.2257651640301187e-12
M1_dark_photon_massive,1.5263204911134917e-05,9.806976382179456e-11,2.7304825337032997e-12
M1_dark_photon_massive,3.0721555633733386e-05,1.9744058357172633e-10,6.2968077295386374e-12
M1_dark_photon_massive,6.183589790293884e-05,3.9395888072438427e-10,1.2674122512554227e-11
M1_dark_photon_massive,0.00012446239100158524,7.92939825047063e-10,2.432992708191038e-11
M1_dark_photon_massive,0.0002505160804515542,1.5960176837837347e-09,4.8888380472544975e-11
M1_dark_photon_massive,0.0005042351031481351,3.2124414592392656e-09,9.770687368728774e-11
M1_dark_photon_massive,0.0010149170416067536,6.465955189930842e-09,1.9674914405410052e-10
M1_dark_photon_massive,0.0020428101790469573,1.3014580047193813e-08,3.9601379986308603e-10
M1_dark_photon_massive,0.00411173845402311,2.619555639182011e-08,7.970907849991842e-10
M1_dark_photon_massive,0.008276047029577547,5.272603281770787e-08,1.6043726752711049e-09
M1_dark_photon_massive,0.01665790643098001,1.061261877820663e-07,3.2292998791240495e-09
M1_dark_photon_massive,0.03352879045655323,2.1360923840229595e-07,6.499889575373281e-09
M1_dark_photon_massive,0.06748625910088744,4.299495519121812e-07,1.3082882681950834e-08
M1_dark_photon_massive,0.13583535538908606,8.65396170442072e-07,2.6333034936191046e-08
M1_dark_photon_massive,0.27340741685053205,1.7418567561823465e-06,5.3002727202556915e-08
M1_dark_photon_massive,0.5503104502856587,3.505983805669238e-06,1.0668315522032875e-07
M1_dark_photon_massive,1.1076568265123696,7.056792932017761e-06,2.1473029467700683e-07
M1_dark_photon_massive,2.2294754618644483,1.4203809613966552e-05,4.3220599687782705e-07
M1_dark_photon_massive,4.487455605457049,2.8589220272348627e-05,8.699379098703344e-07
M1_dark_photon_massive,9.03228501743978,5.754396447113591e-05,1.7509983028844708e-06
M1_dark_photon_massive,18.1800511936113,0.00011582365015593085,3.5243837771839247e-06
M1_dark_photon_massive,36.59254117470404,0.00023312814921141713,7.093828125598573e-06
M1_dark_photon_massive,73.65293174163098,0.0004692369294317023,1.427835350999778e-05
M1_dark_photon_massive,148.24754389802862,0.0009444732293688605,2.873926113613918e-05
M1_dark_photon_massive,298.3904883636238,0.0019010219039554072,5.7845964527553414e-05
M1_dark_photon_massive,600.5960112710256,0.0038263490874518636,0.00011643151145299429
M1_dark_photon_massive,1208.8708682801257,0.0077016194861198725,0.0002343516435406916
M1_dark_photon_massive,2433.197604965253,0.015501707072022993,0.0004716995609251016
M1_dark_photon_massive,4897.504555827157,0.031201609295277453,0.0009494299780248816
M1_dark_photon_massive,9857.625548127351,0.06280214289251794,0.0019109987751620096
M1_dark_photon_massive,19841.284543875463,0.1264072347860983,0.0038464303879132385
M1_dark_photon_massive,39936.24736798994,0.2544306335790883,0.007742038834016573
M1_dark_photon_massive,80383.09466861578,0.512114258436223,0.015583062544370866
M1_dark_photon_massive,161793.91741455096,1.0307760901446656,0.0313653604002646
M1_dark_photon_massive,325656.4308734807,2.0747310400189605,0.06313173872191535
M1_dark_photon_massive,655476.5016136288,4.175988296172099,0.12707064045145056
M1_dark_photon_massive,1319333.5166611958,8.405368172255734,0.2557659268005663
M1_dark_photon_massive,2655535.2082043267,16.918202135750878,0.5148019171048858
M1_dark_photon_massive,5345022.432128285,34.05270984451252,1.0361857702082256
M1_dark_photon_massive,10758382.984977683,68.54079638309604,2.0856195649389213
M1_dark_photon_massive,21654315.939955913,137.9579126090042,4.1979045598955755
M1_dark_photon_massive,43585490.44797763,277.67966898218856,8.44948090737162
M1_dark_photon_massive,87728237.77293621,558.9095768981985,17.006991603880792
M1_dark_photon_massive,176578114.03845283,1124.9650228031749,34.23142398749408
M1_dark_photon_massive,355413845.6317589,2264.3131462409124,68.90050959654654
M1_dark_photon_massive,715371790.8621951,4557.576387098492,138.68193810453783
M1_dark_photon_massive,1439889878.9430022,9173.423101270813,279.13697691133916
M1_dark_photon_massive,2898189291.170825,18464.131864721956,561.8428249861078
M1_dark_photon_massive,5833433021.713511,37164.33459507705,1130.8690216582495
M1_dark_photon_massive,11741448677.105127,74803.8291761654,2276.196628795463
M1_dark_photon_massive,23633016188.56969,150564.05342336194,4581.495286998418
M1_dark_photon_massive,47568189371.578094,303053.1248592328,9221.566713195863
M1_dark_photon_massive,95744555922.77332,609980.897822292,18561.0346227453
M1_dark_photon_massive,192713241978.60394,1227760.6306845201,37359.37904930597
M1_dark_photon_massive,387890395187.1659,2471218.6424861085,75196.41180127789
M1_dark_photon_massive,780740114865.3776,4974032.744123754,151354.23799000122
M1_dark_photon_massive,1571462285540.4407,10011660.366371082,304643.5967991872
M1_dark_photon_massive,3163016307035.505,20151323.573408056,613182.1764837264
M1_dark_photon_massive,6366472966375.967,40560289.392576,1234204.1175582847
M1_dark_photon_massive,12814343682465.477,81639157.32961808,2484187.998635085
M1_dark_photon_massive,25792523565181.652,164322101.9697682,5000137.2745146435
M1_dark_photon_massive,51914814238262.36,330745123.7736706,10064203.18338521
M1_dark_photon_massive,104493378888741.05,665718948.2653248,20257080.98710023
M1_dark_photon_massive,210322744900405.5,1339949363.4946525,40773156.36824333
M1_dark_photon_massive,423334545144151.75,2697030483.221459,82067612.86524266
M1_dark_photon_massive,852081581558237.5,5428543514.849667,165184491.00607526
M1_dark_photon_massive,1715057346391500.8,10926492998.854391,332480927.8142428
M2_scalar_phi_massive,9.359217153568016e-10,7.0615818035443595e-15,2.1279933576329653e-16
M2_scalar_phi_massive,1.883809541610559e-09,1.421344858454212e-14,4.2831939101494414e-16
M2_scalar_phi_massive,3.791704296240311e-09,2.8608621451361395e-14,8.62115006427831e-16
M2_scalar_phi_massive,7.629082580509611e-09,5.758301488052705e-14,1.735252477238714e-15
M2_scalar_phi_massive,1.5354392503205137e-08,1.159022502488742e-13,3.492690809593462e-15
M2_scalar_phi_massive,3.090488157898456e-08,2.3328635432903486e-13,7.030036983915231e-15
M2_scalar_phi_massive,6.220511156953141e-08,4.695553623788267e-13,1.4149955632908738e-14
M2_scalar_phi_massive,1.2520553887026712e-07,9.451141665480242e-13,2.8480823766844263e-14
M2_scalar_phi_massive,2.52011836822925e-07,1.902311972936466e-12,5.732578557006348e-14
M2_scalar_phi_massive,5.072457396982645e-07,3.828945719430763e-12,1.1538450285453325e-13
M2_scalar_phi_massive,1.0209768068268513e-06,8.079043899858578e-12,2.3224423994532e-13
M2_scalar_phi_massive,2.055007185863054e-06,1.6281348392782666e-11,4.674578097873242e-13
M2_scalar_phi_massive,4.1362884109716906e-06,3.277085994411085e-11,9.408922433667677e-13
M2_scalar_phi_massive,8.325460824422567e-06,6.596070764953286e-11,1.8938141476992722e-12
M2_scalar_phi_massive,1.6757365794609354e-05,1.3598036787832725e-10,4.186438406414238e-12
M2_scalar_phi_massive,3.3728980809157686e-05,2.6405762424227576e-10,8.454894173346924e-12
M2_scalar_phi_massive,6.788919931499582e-05,5.314913244565309e-10,1.701788734647155e-11
M2_scalar_phi_massive,0.0001366463875593852,1.069777965257218e-09,3.406899342800348e-11
M2_scalar_phi_massive,0.0002750398505422536,2.153233443876234e-09,6.886822000959943e-11
M2_scalar_phi_massive,0.0005535961889474018,4.334095268436407e-09,1.3861694609613797e-10
M2_scalar_phi_massive,0.0011142703132395898,8.723609218055871e-09,2.7516383332840796e-10
M2_scalar_phi_massive,0.002242786991232376,1.7558753058732576e-08,5.538457396862296e-10
M2_scalar_phi_massive,0.004514248857099009,3.534198221458655e-08,1.1147683726817002e-09
M2_scalar_phi_massive,0.009086214082516184,7.113582495506845e-08,2.24378947799376e-09
M2_scalar_phi_massive,0.01828859882713035,1.431812255464318e-07,4.5161505617536746e-09
M2_scalar_phi_massive,0.03681102426403438,2.8819307687613e-07,9.09004217097863e-09
M2_scalar_phi_massive,0.07409269130870563,5.800708105574714e-07,1.829630327552028e-08
M2_scalar_phi_massive,0.14913268552352688,1.167558044447501e-06,3.6826531665082636e-08
M2_scalar_phi_massive,0.3001720884829825,2.3500437573198813e-06,7.412390437875296e-08
M2_scalar_phi_massive,0.6041819899368814,4.730133707340902e-06,1.491955107344533e-07
M2_scalar_phi_massive,1.216088673696869,9.520743951950827e-06,3.002985421487699e-07
M2_scalar_phi_massive,2.447725498153806,1.916321419369837e-05,6.044365140261007e-07
M2_scalar_phi_massive,4.9267460867789845,3.8571437283356044e-05,1.216600976061451e-06
M2_scalar_phi_massive,9.916482473994657,7.763602488945213e-05,2.4487566528845765e-06
M2_scalar_phi_massive,19.95975090352866,0.00015626465553661108,4.92882157994132e-06
M2_scalar_phi_massive,40.17469472423007,0.00031452721342631877,9.92065999627947e-06
M2_scalar_phi_massive,80.86303802016599,0.0006330757754913273,1.9968159359290835e-05
M2_scalar_phi_massive,162.75994037378766,0.0012742456627138023,4.019161914102168e-05
M2_scalar_phi_massive,327.6008277585691,0.002564783035150565,8.089710323877919e-05
M2_scalar_phi_massive,659.3901552287825,0.005162357785379077,0.00016282850634763755
M2_scalar_phi_massive,1327.210861423914,0.010390718255316076,0.0003277388363480136
M2_scalar_phi_massive,2671.390612543253,0.02091428574887719,0.000659667936899358
M2_scalar_phi_massive,5376.935958109868,0.04209596850168677,0.0013277699763081274
M2_scalar_phi_massive,10822.618063365222,0.08473014978243479,0.002672515990805619
M2_scalar_phi_massive,21783.607366350898,0.17054360637565957,0.005379201103018655
M2_scalar_phi_massive,43845.726340248075,0.3432676768576359,0.010827177313911812
M2_scalar_phi_massive,88252.03677116978,0.6909241599810321,0.021792784159175908
M2_scalar_phi_massive,177632.40900198155,1.390682045031224,0.04386419725464346
M2_scalar_phi_massive,357535.91511618346,2.799144482695935,0.08828921475754341
M2_scalar_phi_massive,719643.0612869818,5.63407707966144,0.1777072403092586
M2_scalar_phi_massive,1448487.0295903184,11.340187952353876,0.35768653447712656
M2_scalar_phi_massive,2915493.5102677075,22.82536446988752,0.7199462257340046
M2_scalar_phi_massive,5868262.700852244,45.942559803434385,1.4490972345557627
M2_scalar_phi_massive,11811553.345921071,92.47251250146405,2.9167217218984307
M2_scalar_phi_massive,23774121.840741433,186.12732083104825,5.870734827261035
M2_scalar_phi_massive,47852204.76471877,374.63434941486173,11.816529205803874
M2_scalar_phi_massive,96316217.95260304,754.0585397932925,23.78413717874582
M2_scalar_phi_massive,193863874.95217386,1517.7580014306916,47.872363490588185
M2_scalar_phi_massive,390206372.4093385,3054.9211093589383,96.35679314122883
M2_scalar_phi_massive,785401679.9489686,6148.900533292923,193.94554409846242
M2_scalar_phi_massive,1580845015.5692642,12376.41707096793,390.370754872646
M2_scalar_phi_massive,3181901728.823071,24911.07128586368,785.7325465671599
M2_scalar_phi_massive,6404485267.166743,50140.63998094198,1581.5109790597178
M2_scalar_phi_massive,12890854285.599548,100922.34688939624,3183.242170397503
M2_scalar_phi_massive,25946522988.26737,203135.02391543207,6407.183288364934
M2_scalar_phi_massive,52224782024.93904,408867.205459911,12896.284823211116
M2_scalar_phi_massive,105117277516.74763,822961.931814338,25957.45349495474
M2_scalar_phi_massive,211578518934.86987,1656445.7412371186,52246.78278894996
M2_scalar_phi_massive,425862148756.0936,3334069.76385097,105161.56033280629
M2_scalar_phi_massive,857169105144.3004,6710766.862742723,211667.65073943455
M2_scalar_phi_massive,1725297439464.818,13507333.402066866,426041.55194884434
M2_scalar_phi_massive,3472653455146.1436,27187363.138409685,857530.205267049
M2_scalar_phi_massive,6989706089912.892,54722326.932912506,1726024.2565111057
M2_scalar_phi_massive,14068778199265.975,110144299.38304588,3474116.3818678283
M2_scalar_phi_massive,28317431015558.887,221696835.03143135,6992650.64742424
M2_scalar_phi_massive,56996911029756.625,446228147.4234832,14074704.961563174
M2_scalar_phi_massive,114722548989314.64,898161489.426601,28329360.316037033
M2_scalar_phi_massive,230911868885919.72,1807806311.0694542,57020922.15130272
M2_scalar_phi_massive,464776032803759.44,3638726105.289836,114770878.22362036
M2_scalar_phi_massive,935494401872955.0,7323974691.450758,231009145.26195636
M3_massless_control,4.760459688931405e-09,1.5995361851067845e-14,4.41515287350058e-16
M3_massless_control,9.581783644204279e-09,3.219523041525735e-14,8.886755135923798e-16
M3_massless_control,1.927636550805697e-08,6.480208895194916e-14,1.7887130776346756e-15
M3_massless_control,3.8808261461386456e-08,1.3043269696701013e-13,3.600295524254611e-15
M3_massless_control,7.811270113163941e-08,2.6253302498786454e-13,7.246622179957666e-15
M3_massless_control,1.57224637405657e-07,5.284226333732224e-13,1.458589514812865e-14
M3_massless_control,3.1645945089341455e-07,1.0636013487217321e-12,2.935827644783382e-14
M3_massless_control,6.369654076769499e-07,2.14080124044138e-12,5.90919094943598e-14
M3_massless_control,1.282074638890567e-06,4.308973429361817e-12,1.1893933126129554e-13
M3_massless_control,2.5805410839070246e-06,1.494818308895802e-11,2.3939934657610714e-13
M3_massless_control,5.1940753554680065e-06,3.008748431698304e-11,4.818595037764193e-13
M3_massless_control,1.0454558916548577e-05,5.2517142302230614e-11,9.698797624154852e-13
M3_massless_control,2.1042783298190537e-05,1.0344074357992041e-10,1.9521598021227e-12
M3_massless_control,4.235460648977728e-05,2.0737822810990366e-10,7.275014840666155e-12
M3_massless_control,8.525073254250277e-05,4.174078648092878e-10,1.4157210652555818e-11
M3_massless_control,0.00017159142774124183,8.401030183771619e-10,2.4595989366075264e-11
M3_massless_control,0.00034537671637878317,1.6905940952087345e-09,4.889478882858591e-11
M3_massless_control,0.000695169203886286,3.4028030713343996e-09,9.829755414725859e-11
M3_massless_control,0.0013992264073235613,6.849245658550716e-09,1.9781413906435458e-10
M3_massless_control,0.002816342450163919,1.3786061497134597e-08,3.981574062450798e-10
M3_massless_control,0.005668692897075321,2.7748546947010923e-08,8.012928104105692e-10
M3_massless_control,0.011409862163417626,5.585158488675722e-08,1.6128304505680907e-09
M3_massless_control,0.022965603702990528,1.1241725327810635e-07,3.24628154462892e-09
M3_massless_control,0.04622483128094453,2.2627180351646085e-07,6.534068018920638e-09
M3_massless_control,0.093040664403416,4.554365768250571e-07,1.3151631619286624e-08
M3_massless_control,0.18727088867055802,9.166960814606337e-07,2.6471422171403557e-08
M3_massless_control,0.376936106038521,1.8451124668629072e-06,5.328129119210939e-08
M3_massless_control,0.7586914818641585,3.7138153901000706e-06,1.0724380371788013e-07
M3_massless_control,1.527083119478096,7.475113305799855e-06,2.1585875977387032e-07
M3_massless_control,3.073690570592818,1.5045798744735247e-05,4.3447735492195147e-07
M3_massless_control,6.186679430377074,3.0283963681384452e-05,8.745096661248666e-07
M3_massless_control,12.452457882534604,6.0955119220661285e-05,1.7602002670155438e-06
M3_massless_control,25.064125119352937,0.00012268957255053654,3.542905356016043e-06
M3_massless_control,50.4487044987067,0.000246947777399,7.131108088609514e-06
M3_massless_control,101.54241464557188,0.0004970528749473533,1.4353390074358437e-05
M3_massless_control,204.38308722709755,0.0010004607577182004,2.8890293635538305e-05
M3_massless_control,411.37928904176454,0.002013712782246943,5.814996053362208e-05
M3_massless_control,828.0182169108084,0.004053171639268737,0.00011704339016832564
M3_massless_control,1666.6229579354235,0.008158164601329872,0.00023558322407070512
M3_massless_control,3354.554316788189,0.01642063440333341,0.0004741784682050947
M3_massless_control,6751.997871325548,0.03305121278920786,0.0009544194863461394
M3_massless_control,13590.322573173973,0.06652499775622202,0.0019210415845437197
M3_massless_control,27354.402528367875,0.13390054261217366,0.003866644407769191
M3_massless_control,55058.54137421145,0.2695130539881547,0.007782725317569776
M3_massless_control,110821.0268936416,0.5424719336680127,0.015664955703461513
M3_massless_control,223058.94226819449,1.091879574896014,0.03153019375326441
M3_massless_control,448969.77694997744,2.1977192405399437,0.06346351288428569
M3_massless_control,903679.8012435234,4.423537147582831,0.12773843063355433
M3_massless_control,1818913.4883939438,8.903630880183679,0.2571100451132401
M3_massless_control,3661082.469375541,17.921098027599683,0.5175073387880496
M3_massless_control,7368973.254139671,36.071324029125854,1.0416312034076063
M3_massless_control,14832161.60096165,72.60383349336892,2.0965800532478
M3_massless_control,29853957.962658614,146.13593428609687,4.219965670475857
M3_massless_control,60089609.998478144,294.1402714172237,8.493885188122595
M3_massless_control,120947488.24546352,592.041236757122,17.09636789080163
M3_massless_control,243441335.5862503,1191.651943244841,34.41131927075582
M3_massless_control,489995160.1453835,2398.5396044663853,69.26260019188076
M3_massless_control,986255092.5778723,4827.745439266816,139.41074875955815
M3_massless_control,1985119827.1982772,9717.215418482527,280.60391633952975
M3_massless_control,3995620157.4944367,19558.6690883051,564.7954592144231
M3_massless_control,8042325820.45606,39367.403112028915,1136.812040653246
M3_massless_control,16187475799.234253,79238.13326908082,2288.15865051697
M3_massless_control,32581914560.623653,159489.35585365514,4605.572269385109
M3_massless_control,65580401144.81515,321017.84306596237,9270.028511238319
M3_massless_control,131999272366.65695,646140.019910062,18658.577821132527
M3_massless_control,265686205042.44116,1300541.1828263663,37555.71257253374
M3_massless_control,534769308074.49176,2617710.2734834813,75591.58904561927
M3_massless_control,1076375842745.7311,5268888.956679711,152149.6449682814
M3_massless_control,2166513555196.7515,10605142.63898212,306244.5803329157
M3_massless_control,4360726800480.6997,21345876.012545932,616404.6127273975
M3_massless_control,8777207132084.407,42964667.072758265,1240690.1901041444
M3_massless_control,17666634156265.336,86478653.56230955,2497243.070602112
M3_massless_control,35559142870221.75,174062969.2134092,5026414.332450505
M3_massless_control,71572922746941.22,350351398.9097693,10117093.261318946
M3_massless_control,144060932211880.22,705182172.1341494,20363537.362492662
M3_massless_control,289963737587382.94,1419380363.381716,40987430.20379924
M3_massless_control,583634770542675.9,2856908038.1833,82498900.10787746
M3_massless_control,1174731530985827.8,5750342719.403459,166052579.66084
M3_massless_control,2364482446118092.0,11574205731.740496,334228203.96349704
M3_massless_control,4759195689000368.0,23296392033.925724,672729641.1343149
