name,model_key,sigma_m_100,r_diss,r_s_kpc,rho_0_msun_pc3,t_code,t_phys_gyr,fluid_ratio,fluid_ratio_init,fluid_m_inner_msun,fluid_m_outer_msun
P1_elastic_control,elastic,0.1,1.0,0.085,10.0,0.0,0.0,0.1465063158788092,0.1465063158788092,3511764.335072633,23970054.219215937
P1_elastic_control,elastic,0.1,1.0,0.085,10.0,0.5000890450651286,0.0130229482082483,0.1406235892665346,0.1465063158788092,3409394.5148283173,24244826.437805057
P1_elastic_control,elastic,0.1,1.0,0.085,10.0,1.0000227472056178,0.026041851091204913,0.14273836529273587,0.1465063158788092,3401671.249636382,23831513.291188695
P2_m3_low_sigma,const_rdiss_1p05,0.005,1.05,0.085,10.0,0.0,0.0,0.1465063158788092,0.1465063158788092,3511764.335072633,23970054.219215937
P2_m3_low_sigma,const_rdiss_1p05,0.005,1.05,0.085,10.0,0.5000003820256096,0.013020639311096809,0.14793198809434494,0.1465063158788092,3488118.323832227,23579202.63741503
P2_m3_low_sigma,const_rdiss_1p05,0.005,1.05,0.085,10.0,1.0000472483951426,0.026042489133020406,0.14819296248636527,0.1465063158788092,3531529.9940622738,23830618.774405014
P3_m3_high_sigma,const_rdiss_1p05,0.22,1.05,0.085,10.0,0.0,0.0,0.1465063158788092,0.1465063158788092,3511764.335072633,23970054.219215937
P3_m3_high_sigma,const_rdiss_1p05,0.22,1.05,0.085,10.0,0.5000402135559653,0.013021676574284227,0.14511935772176673,0.1465063158788092,3439538.283509775,23701443.67717162
P3_m3_high_sigma,const_rdiss_1p05,0.22,1.05,0.085,10.0,1.0001346427202016,0.026044764991250396,0.14151610704484316,0.1465063158788092,3381415.1146120797,23894206.710622612
